{"cameraMode":{"drawMode":0,"name":"Shaded","section":"Shading Mode"},"sceneLighting":false,"audioPlay":false,"sceneViewState":{"m_AlwaysRefresh":false,"showFog":true,"showSkybox":false,"showFlares":true,"showImageEffects":true,"showParticleSystems":true,"showVisualEffectGraphs":true,"m_FxEnabled":true},"in2DMode":false,"pivot":{"x":-3.7699999809265138,"y":0.7599999904632568,"z":4.409999847412109},"rotation":{"x":-0.03572838753461838,"y":0.41618597507476809,"z":-0.016369540244340898,"w":-0.9084382653236389},"size":0.8660253882408142,"orthographic":false}