{"cameraMode":{"drawMode":0,"name":"Shaded","section":"Shading Mode"},"sceneLighting":true,"audioPlay":false,"sceneViewState":{"m_AlwaysRefresh":false,"showFog":true,"showSkybox":true,"showFlares":true,"showImageEffects":true,"showParticleSystems":true,"showVisualEffectGraphs":true,"m_FxEnabled":true},"in2DMode":false,"pivot":{"x":-20.169389724731447,"y":0.4294786751270294,"z":5.249531269073486},"rotation":{"x":-0.020114770159125329,"y":0.5612558126449585,"z":-0.01364737469702959,"w":-0.827295184135437},"size":12.937896728515625,"orthographic":false}